<?xml version="1.0" encoding="UTF-8" standalone="yes"?>
<addon id="plugin.video.takeroom"
       name="Take Room"
       version="0.0.1"
       provider-name="Take Room">
  <requires>
    <import addon="xbmc.python" version="3.0.0"/>
    <import addon="script.module.requests"/>
  </requires>
  <extension point="xbmc.python.pluginsource"
            library="default.py">
        <provides>video</provides>
  </extension>
  <extension point="xbmc.addon.metadata">
    <summary lang="en">TAKE ROOM</summary>
    <language>en</language>
    <description lang="en">Entretenimento Free</description>
     <platform>all</platform>
  </extension>
</addon>
