<?xml version="1.0" encoding="UTF-8" standalone="yes"?>
<addon id="plugin.video.takeroom" version="1.0.0" name="[COLOR gold]TAKE ROOM[/COLOR]" provider-name="Take Room">
<requires>
		<import addon="script.module.six" />
		<import addon="script.module.kodi-six" />
		<import addon="script.module.resolveurl" />
		<import addon="script.module.requests" optional="true"/>
		<import addon="script.module.websocket" version="0.50.0"  optional="true"/>
		<import addon="script.module.youtube.dl" optional="true"/>
		<import addon="plugin.video.youtube" optional="true" />
		<import addon="script.module.dateutil" optional="true" />
		<import addon="script.module.urlresolver" optional="true"/>
		<import addon="script.module.cloudscraper" optional="true"/>
		<import addon="script.module.inputstreamhelper" optional="true"/>
		<import addon="script.module.slproxy" optional="true"/>
	</requires>
  <extension point="xbmc.python.pluginsource" library="default.py">
    <provides>video</provides>
  </extension>
  <extension point="xbmc.addon.metadata">
    <summary lang="en">ENTRETENIMENTO FREE</summary>
    <description lang="en"></description>
    <news>
</news>
    <platform>all</platform>
	<assets>
<icon>icon.png</icon>
<fanart>fanart.jpg</fanart>
</assets>
  </extension>
</addon>