<?xml version="1.0" encoding="UTF-8" standalone="yes"?>

<addon id="plugin.video.takeroom"
name="TAKE ROOM"
version="1.0.1"
provider-name="Take Room">

<extension point="xbmc.addon.metadata">
    <summary lang="pt">Addon com menu dinâmico carregado do GitHub.</summary>
    <description lang="pt">Este addon carrega seu menu e listas de conteúdo a partir de um JSON hospedado no GitHub.</description>
    <platform>all</platform>
    <license>GPL-3.0</license>
    <icon>icon.png</icon>
</extension>

<!-- Dependências: CRÍTICO para rodar o Python correto -->
<requires>
    <import addon="xbmc.python" version="3.0.0"/>
</requires>

<!-- Ponto de entrada que chama o script Python -->
<extension point="xbmc.python.script" library="default.py">
    <provides>video</provides>
</extension>


</addon>