<addon id="plugin.video.takeroom"
       name="TAKE ROOM"
       version="1.0.0"
       provider-name="Take Room">
    <requires>
        <import addon="xbmc.python" version="3.0.0"/>
    </requires>

    <extension point="xbmc.python.pluginsource"
               library="default.py">
        <provides>video</provides>
    </extension>

    <extension point="xbmc.addon.metadata">
        <summary>ENTRETENIMENTO FREE</summary>
        <description>
            Addon de Filme e Séries
        </description>
        <platform>all</platform>
        <language>pt_BR</language>
        <license>GPL-3.0</license>
        <source>https://github.com/Alefer1803/takeroom1.github.io/</source>
        <assets>
            <icon>resources/images/icon.png</icon>
            <fanart>resources/images/fanart.jpg</fanart>
        </assets>
    </extension>
</addon>
