<addon id="plugin.video.takeroom" version="1.0.0" name="TAKE ROOM" provider-name="Alefer">
    <requires>
        <import addon="xbmc.python" version="3.0.0"/>
    </requires>
    <extension point="xbmc.python.plugin" library="default.py">
        <provides>video</provides>
    </extension>
	<extension point="xbmc.addon.metadata">
    <summary lang="en">TAKE ROOM</summary>
    <language>en</language>
    <description lang="en">Entretenimento Free</description>
     <platform>all</platform>
  </extension>
  <extension point="xbmc.addon.metadata">
    <summary lang="en">TAKE ROOM</summary>
    <language>en</language>
    <description lang="en">Entretenimento Free</description>
     <platform>all</platform>
  </extension>
</addon>
