<?xml version="3.0" encoding="UTF-8" standalone="yes"?>
<addon id="plugin.video.takeroom" name="TAKE ROOM" version="1.0.2" provider-name="Take Room">  
<requires>
    <import addon="xbmc.python" version="3.0.0"/>
    <import addon="script.module.requests"/>
    <import addon="script.module.simplejson"/>
	<import addon="script.module.kodi-six" />
</requires>  
<extension point="xbmc.python.pluginsource" library="mixtx.py">
	<provides>video</provides>
</extension>   
<extension point="xbmc.addon.metadata">
	 <summary lang="en">ENTRETENIMENTO FREE</summary>
    <description lang="en">Addon de video focado em arquivos torrent</description>
    <disclaimer lang="en"></disclaimer>
	<platform>all</platform>
	<assets>
       <icon>icon.png</icon>
       <fanart>fanart.jpg</fanart>
<screenshot>resources/screenshots/home.png</screenshot>
<screenshot>resources/screenshots/movies.png</screenshot>
<screenshot>resources/screenshots/series.png</screenshot>
</assets>
	<news>
	- Addon atualizado para as versoes Matrix e Nexus
	- Multilink adicionado
	</news>
</extension>
</addon>