{
  "channels": [
    {
      "name": "CANAIS TV -",
      "thumbnail": "",
      "externallink": "https://github.com/Alefer1803/takeroom1.github.io/raw/master/listateste/listateste.xml",
      "fanart": "",
      "info": "Listas iptv"
    },
    {
      "name": "FILMES",
      "externallink": "https://github.com/Alefer1803/takeroom1.github.io/raw/master/filmes",
      "thumbnail": "",
      "fanart": "",
      "info": ""
    },
    {
      "name": "SÉRIES",
      "externallink": "https://github.com/Alefer1803/takeroom1.github.io/raw/master/series",
      "thumbnail": "",
      "fanart": "",
      "info": ""
    },
    {
      "name": "ANIMES/DESENHOS",
      "externallink": "https://github.com/Alefer1803/takeroom1.github.io/raw/master/animes",
      "thumbnail": "",
      "fanart": "",
      "info": ""
    }
  ]
}
